period,igrea_index
1968-01,-12.705
1968-02,-9.382
1968-03,-11.216
1968-04,-11.34
1968-05,-10.605
1968-06,-7.654
1968-07,-12.282
1968-08,-15.91
1968-09,-15.139
1968-10,-20.066
1968-11,-8.815
1968-12,-16.495
1969-01,-18.856
1969-02,-18.064
1969-03,-16.945
1969-04,-22.786
1969-05,-27.68
1969-06,-18.708
1969-07,-26.497
1969-08,-21.905
1969-09,-14.345
1969-10,-6.581
1969-11,-0.886
1969-12,3.768
1970-01,25.3
1970-02,39.551
1970-03,53.634
1970-04,54.947
1970-05,56.494
1970-06,51.994
1970-07,47.574
1970-08,53.495
1970-09,58.82
1970-10,59.263
1970-11,54.123
1970-12,16.466
1971-01,7.681
1971-02,-16.268
1971-03,-18.018
1971-04,-23.274
1971-05,-29.999
1971-06,-53.589
1971-07,-59.806
1971-08,-63.756
1971-09,-50.317
1971-10,-60.04
1971-11,-43.802
1971-12,-48.275
1972-01,-60.27
1972-02,-67.125
1972-03,-69.698
1972-04,-60.494
1972-05,-64.439
1972-06,-67.178
1972-07,-56.985
1972-08,-63.348
1972-09,-9.003
1972-10,-6.11
1972-11,-4.966
1972-12,9.035
1973-01,20.511
1973-02,29.257
1973-03,38.373
1973-04,42.774
1973-05,50.052
1973-06,57.511
1973-07,58.978
1973-08,69.498
1973-09,80.927
1973-10,106.852
1973-11,103.883
1973-12,113.889
1974-01,105.421
1974-02,88.482
1974-03,98.069
1974-04,86.095
1974-05,103.853
1974-06,82.185
1974-07,61.883
1974-08,58.519
1974-09,60.269
1974-10,61.424
1974-11,58.84
1974-12,21.678
1975-01,-0.886
1975-02,-9.832
1975-03,-26.634
1975-04,-41.387
1975-05,-44.051
1975-06,-36.906
1975-07,-41.889
1975-08,-45.6
1975-09,-34.39
1975-10,-33.98
1975-11,-24.082
1975-12,-35.704
1976-01,-46.008
1976-02,-50.267
1976-03,-32.537
1976-04,-28.948
1976-05,-19.353
1976-06,-16.224
1976-07,-21.533
1976-08,-24.017
1976-09,-24.749
1976-10,-20.838
1976-11,-19.408
1976-12,-35.81
1977-01,-49.191
1977-02,-45.102
1977-03,-45.439
1977-04,-43.56
1977-05,-35.812
1977-06,-40.587
1977-07,-44.383
1977-08,-47.089
1977-09,-47.249
1977-10,-33.019
1977-11,-33.499
1977-12,-38.07
1978-01,-38.543
1978-02,-38.853
1978-03,-39.319
1978-04,-39.937
1978-05,-22.836
1978-06,-17.271
1978-07,-25.875
1978-08,-26.316
1978-09,-14.05
1978-10,-18.087
1978-11,-4.065
1978-12,-7.067
1979-01,-16.345
1979-02,-10.893
1979-03,7.007
1979-04,8.987
1979-05,28.791
1979-06,46.076
1979-07,54.102
1979-08,37.007
1979-09,43.576
1979-10,43.503
1979-11,49.015
1979-12,35.204
1980-01,34.582
1980-02,39.938
1980-03,41.916
1980-04,60.249
1980-05,63.407
1980-06,56.647
1980-07,44.535
1980-08,53.29
1980-09,54.54
1980-10,54.426
1980-11,64.253
1980-12,67.893
1981-01,63.585
1981-02,61.398
1981-03,49.876
1981-04,45.527
1981-05,35.459
1981-06,40.715
1981-07,32.367
1981-08,14.774
1981-09,12.701
1981-10,15.235
1981-11,14.268
1981-12,7.325
1982-01,2.75
1982-02,-6.591
1982-03,2.635
1982-04,10.583
1982-05,7.436
1982-06,-16.905
1982-07,-41.204
1982-08,-43.548
1982-09,-27.742
1982-10,-27.175
1982-11,-24.58
1982-12,-19.827
1983-01,-17.797
1983-02,-12.921
1983-03,-10.03
1983-04,-7.341
1983-05,-7.546
1983-06,-22.482
1983-07,-33.737
1983-08,-34.78
1983-09,-31.762
1983-10,-28.793
1983-11,-21.415
1983-12,-31.737
1984-01,-29.87
1984-02,-23.239
1984-03,-18.99
1984-04,-15.018
1984-05,-15.653
1984-06,-24.505
1984-07,-29.394
1984-08,-28.545
1984-09,-25.4
1984-10,-24.128
1984-11,-16.582
1984-12,-19.74
1985-01,-23.295
1985-02,-27.624
1985-03,-25.894
1985-04,-20.91
1985-05,-24.932
1985-06,-34.436
1985-07,-50.18
1985-08,-57.639
1985-09,-50.089
1985-10,-37.018
1985-11,-36.197
1985-12,-36.045
1986-01,-37.798
1986-02,-51.75
1986-03,-55.392
1986-04,-61.555
1986-05,-66.391
1986-06,-69.351
1986-07,-80.975
1986-08,-78.311
1986-09,-54.27
1986-10,-48.822
1986-11,-51.141
1986-12,-60.131
1987-01,-46.533
1987-02,-41.805
1987-03,-35.095
1987-04,-25.198
1987-05,-19.449
1987-06,-30.737
1987-07,-33.68
1987-08,-18.797
1987-09,-22.344
1987-10,-17.342
1987-11,-12.329
1987-12,-5.139
1988-01,2.877
1988-02,14.126
1988-03,19.221
1988-04,11.68
1988-05,5.231
1988-06,-5.08
1988-07,-11.437
1988-08,-9.369
1988-09,-4.82
1988-10,-1.91
1988-11,7.867
1988-12,11.339
1989-01,17.807
1989-02,12.245
1989-03,17.567
1989-04,17.0
1989-05,21.557
1989-06,3.146
1989-07,1.069
1989-08,2.451
1989-09,3.928
1989-10,10.636
1989-11,18.178
1989-12,14.592
1990-01,16.523
1990-02,13.089
1990-03,12.537
1990-04,2.701
1990-05,-6.203
1990-06,-15.031
1990-07,-25.012
1990-08,-15.997
1990-09,-18.594
1990-10,-14.578
1990-11,-9.615
1990-12,-0.338
1991-01,0.288
1991-02,10.044
1991-03,17.984
1991-04,10.531
1991-05,14.366
1991-06,16.55
1991-07,8.077
1991-08,2.915
1991-09,6.024
1991-10,10.366
1991-11,10.964
1991-12,5.523
1992-01,2.648
1992-02,-10.706
1992-03,-18.034
1992-04,-21.85
1992-05,-14.183
1992-06,-22.187
1992-07,-31.614
1992-08,-31.566
1992-09,-32.933
1992-10,-32.339
1992-11,-19.573
1992-12,-7.768
1993-01,-12.39
1993-02,-10.226
1993-03,-2.108
1993-04,1.924
1993-05,8.005
1993-06,4.667
1993-07,-6.816
1993-08,-6.132
1993-09,-3.963
1993-10,-7.509
1993-11,-13.088
1993-12,-18.264
1994-01,-18.747
1994-02,-24.824
1994-03,-25.45
1994-04,-13.225
1994-05,-0.324
1994-06,-9.654
1994-07,-5.674
1994-08,-0.428
1994-09,3.249
1994-10,19.588
1994-11,22.431
1994-12,29.197
1995-01,30.295
1995-02,28.849
1995-03,38.668
1995-04,41.224
1995-05,40.794
1995-06,29.33
1995-07,27.555
1995-08,33.391
1995-09,29.572
1995-10,13.665
1995-11,10.022
1995-12,8.105
1996-01,3.084
1996-02,-4.522
1996-03,-8.296
1996-04,-3.511
1996-05,-6.323
1996-06,-17.002
1996-07,-29.931
1996-08,-32.795
1996-09,-38.24
1996-10,-28.946
1996-11,-4.475
1996-12,-2.036
1997-01,-3.687
1997-02,-5.364
1997-03,-2.921
1997-04,-9.202
1997-05,-16.636
1997-06,-17.126
1997-07,-11.954
1997-08,-15.529
1997-09,-15.379
1997-10,-13.337
1997-11,-20.091
1997-12,-20.147
1998-01,-26.714
1998-02,-42.555
1998-03,-35.522
1998-04,-42.446
1998-05,-42.83
1998-06,-51.737
1998-07,-58.381
1998-08,-63.34
1998-09,-54.492
1998-10,-42.485
1998-11,-45.013
1998-12,-57.212
1999-01,-62.798
1999-02,-58.603
1999-03,-43.94
1999-04,-48.986
1999-05,-34.866
1999-06,-41.914
1999-07,-43.388
1999-08,-36.637
1999-09,-27.757
1999-10,-12.204
1999-11,-12.589
1999-12,-11.987
2000-01,-10.052
2000-02,-8.706
2000-03,5.972
2000-04,9.057
2000-05,5.072
2000-06,3.842
2000-07,5.528
2000-08,6.984
2000-09,10.989
2000-10,12.261
2000-11,11.561
2000-12,4.711
2001-01,1.599
2001-02,-4.177
2001-03,-2.524
2001-04,-6.812
2001-05,-6.53
2001-06,-11.616
2001-07,-24.457
2001-08,-45.124
2001-09,-48.987
2001-10,-53.64
2001-11,-58.324
2001-12,-56.361
2002-01,-49.586
2002-02,-46.52
2002-03,-36.254
2002-04,-35.413
2002-05,-39.529
2002-06,-43.165
2002-07,-43.927
2002-08,-42.63
2002-09,-26.108
2002-10,-11.767
2002-11,-5.037
2002-12,8.164
2003-01,9.559
2003-02,7.992
2003-03,17.993
2003-04,29.488
2003-05,37.599
2003-06,33.305
2003-07,35.733
2003-08,39.665
2003-09,46.965
2003-10,99.726
2003-11,101.907
2003-12,109.914
2004-01,122.272
2004-02,126.364
2004-03,120.286
2004-04,106.925
2004-05,84.486
2004-06,62.84
2004-07,89.28
2004-08,99.243
2004-09,98.419
2004-10,107.238
2004-11,122.604
2004-12,126.651
2005-01,106.503
2005-02,106.917
2005-03,109.892
2005-04,106.578
2005-05,85.618
2005-06,56.92
2005-07,35.097
2005-08,34.063
2005-09,56.804
2005-10,68.804
2005-11,61.407
2005-12,50.104
2006-01,35.741
2006-02,43.597
2006-03,49.763
2006-04,44.137
2006-05,43.068
2006-06,53.695
2006-07,64.844
2006-08,83.535
2006-09,93.313
2006-10,93.652
2006-11,97.713
2006-12,100.762
2007-01,103.628
2007-02,101.963
2007-03,116.871
2007-04,128.354
2007-05,138.78
2007-06,128.357
2007-07,141.326
2007-08,150.519
2007-09,167.798
2007-10,187.205
2007-11,187.715
2007-12,180.834
2008-01,148.86
2008-02,144.569
2008-03,160.333
2008-04,163.01
2008-05,189.479
2008-06,182.922
2008-07,168.707
2008-08,150.203
2008-09,110.539
2008-10,10.349
2008-11,-66.887
2008-12,-75.631
2009-01,-55.993
2009-02,13.456
2009-03,21.251
2009-04,4.746
2009-05,47.362
2009-06,87.589
2009-07,74.936
2009-08,52.284
2009-09,38.974
2009-10,54.372
2009-11,90.334
2009-12,80.618
2010-01,68.718
2010-02,52.177
2010-03,70.338
2010-04,65.233
2010-05,88.663
2010-06,67.129
2010-07,19.067
2010-08,43.249
2010-09,54.41
2010-10,53.269
2010-11,38.317
2010-12,24.737
2011-01,-12.554
2011-02,-29.79
2011-03,-6.697
2011-04,-17.586
2011-05,-17.039
2011-06,-11.067
2011-07,-16.001
2011-08,-14.591
2011-09,13.647
2011-10,25.623
2011-11,13.452
2011-12,15.405
2012-01,-43.368
2012-02,-82.571
2012-03,-62.523
2012-04,-45.286
2012-05,-37.297
2012-06,-53.156
2012-07,-41.064
2012-08,-74.304
2012-09,-81.942
2012-10,-52.252
2012-11,-44.61
2012-12,-62.449
2013-01,-72.955
2013-02,-76.713
2013-03,-60.048
2013-04,-59.912
2013-05,-62.408
2013-06,-52.524
2013-07,-34.806
2013-08,-38.046
2013-09,5.551
2013-10,17.05
2013-11,-1.867
2013-12,31.484
2014-01,-7.745
2014-02,-33.288
2014-03,-6.931
2014-04,-41.998
2014-05,-47.315
2014-06,-55.68
2014-07,-69.237
2014-08,-52.68
2014-09,-34.447
2014-10,-36.218
2014-11,-16.801
2014-12,-54.478
2015-01,-76.33
2015-02,-106.014
2015-03,-99.559
2015-04,-96.858
2015-05,-96.069
2015-06,-80.398
2015-07,-47.082
2015-08,-38.069
2015-09,-55.828
2015-10,-67.151
2015-11,-97.998
2015-12,-109.188
2016-01,-138.536
2016-02,-161.244
2016-03,-139.153
2016-04,-93.327
2016-05,-91.372
2016-06,-93.442
2016-07,-78.056
2016-08,-83.076
2016-09,-62.458
2016-10,-57.725
2016-11,-36.638
2016-12,-38.825
2017-01,-53.641
2017-02,-71.403
2017-03,-30.449
2017-04,-23.594
2017-05,-46.107
2017-06,-58.339
2017-07,-53.015
2017-08,-30.107
2017-09,-12.7
2017-10,-4.129
2017-11,-6.295
2017-12,4.401
2018-01,-22.346
2018-02,-32.377
2018-03,-29.648
2018-04,-31.931
2018-05,-18.426
2018-06,-13.887
2018-07,6.121
2018-08,9.681
2018-09,-7.058
2018-10,-0.571
2018-11,-26.272
2018-12,-14.844
2019-01,-37.379
2019-02,-89.983
2019-03,-82.397
2019-04,-69.787
2019-05,-40.36
2019-06,-27.655
2019-07,18.833
2019-08,24.726
2019-09,37.644
2019-10,16.426
2019-11,-8.905
2019-12,-11.743
2020-01,-79.574
2020-02,-121.365
2020-03,-94.224
2020-04,-83.293
2020-05,-113.628
2020-06,-28.777
2020-07,6.296
2020-08,-1.344
2020-09,-8.617
2020-10,5.916
2020-11,-26.512
2020-12,-21.496
2021-01,7.154
2021-02,-3.032
2021-03,26.276
2021-04,46.235
2021-05,63.804
2021-06,62.009
2021-07,70.087
2021-08,85.403
2021-09,99.329
2021-10,110.232
2021-11,54.514
2021-12,55.846
2022-01,7.9
2022-02,11.494
2022-03,40.025
2022-04,29.457
2022-05,56.872
2022-06,34.936
2022-07,21.123
2022-08,-17.364
2022-09,-12.445
2022-10,7.042
2022-11,-26.446
2022-12,-15.091
2023-01,-62.358
2023-02,-94.847
2023-03,-18.589
2023-04,-13.915
2023-05,-18.33
2023-06,-45.289
2023-07,-49.276
2023-08,-39.538
2023-09,-20.59
2023-10,8.782
2023-11,6.801
2023-12,39.428
2024-01,-5.795
2024-02,20.622
2024-03,25.966
2024-04,0.451
2024-05,9.622
2024-06,11.246
2024-07,11.401
2024-08,-0.082
2024-09,13.422
2024-10,-3.143
2024-11,-11.184
2024-12,-45.094
2025-01,-62.05
2025-02,-66.28
2025-03,-12.06
2025-04,-23.743
2025-05,-25.227
2025-06,-2.494
2025-07,5.038
2025-08,14.343
2025-09,20.231
2025-10,14.042
2025-11,23.099
2025-12,29.826
2026-01,2.342
2026-02,16.094
2026-03,15.694
